Guid,AccountId,AssistantName,AssistantPhone,Birthdate,Department,Description,Email,EmailBouncedReason,Fax,FirstName,HomePhone,Jigsaw,Languages__c,LastName,LeadSource,Level__c,MailingCity,MailingCountry,MailingGeocodeAccuracy,MailingLatitude,MailingLongitude,MailingPostalCode,MailingState,MailingStreet,MobilePhone,OtherCity,OtherCountry,OtherGeocodeAccuracy,OtherLatitude,OtherLongitude,OtherPhone,OtherPostalCode,OtherState,OtherStreet,Phone,Salutation,Title
0eddeefc-58a6-470f-8a60-6e08a909c711,6aa919c2-a5a9-4108-8a06-2550a249f314,Ron Sage,(503) 421-6782,1937-01-29,Operations,"#N/A",b.levy@expressl&t.net,"#N/A",(503) 421-7801,Babara,"#N/A","#N/A",English,Levy,Word of mouth,Primary,"#N/A","#N/A","#N/A","#N/A","#N/A","#N/A","#N/A","620 SW 5th Avenue Suite 400
Portland, Oregon 97204
United States",(503) 421-5451,"#N/A","#N/A","#N/A","#N/A","#N/A","#N/A","#N/A","#N/A","#N/A",(503) 421-7800,Ms.,"SVP, Operations"
0f3182bf-84b4-477e-9024-ae7bda49f7c7,4d119235-1120-451f-835f-3362422a08e9,"#N/A","#N/A",1953-10-18,Finance,"#N/A",barr_tim@grandhotels.com,"#N/A",(312) 596-1500,Tim,"#N/A","#N/A",English,Barr,External Referral,Secondary,"#N/A","#N/A","#N/A","#N/A","#N/A","#N/A","#N/A","2335 N. Michigan Avenue, Suite 1500
Chicago, IL 60601, USA",(312) 596-1230,"#N/A","#N/A","#N/A","#N/A","#N/A","#N/A","#N/A","#N/A","#N/A",(312) 596-1000,Mr.,"SVP, Administration and Finance"
2281faae-8571-4be1-b35b-f772c0f5f19c,40f315f9-b068-433e-9b5e-d21207179380,"#N/A","#N/A",1950-08-17,Executive Team,"#N/A",tripley@uog.com,"#N/A",(650) 450-8820,Tom,"#N/A","#N/A",English,Ripley,Public Relations,Primary,"#N/A","#N/A","#N/A","#N/A","#N/A","#N/A","#N/A","9 Tagore Lane
Singapore, Singapore 787472
Singapore",(650) 345-7636,"#N/A","#N/A","#N/A","#N/A","#N/A","#N/A","#N/A","#N/A","#N/A",(650) 450-8810,Mr.,Regional General Manager
4198d0ff-a6c6-4476-81b1-8da4c5f20704,cfa40c8b-7eb0-4daf-a99d-600382e542e0,Chris Nobel,(212) 842-5428,1933-09-21,Finance,"#N/A",agreen@uog.com,"#N/A",(212) 842-5501,Avi,"#N/A","#N/A",English,Green,Public Relations,Primary,"#N/A","#N/A","#N/A","#N/A","#N/A","#N/A","#N/A","1302 Avenue of the Americas 
New York, NY 10019
USA",(212) 842-2383,"#N/A","#N/A","#N/A","#N/A","#N/A","#N/A","#N/A","#N/A","#N/A",(212) 842-5500,Mr.,CFO
668bb171-3e56-4b9a-9a8e-77faa7ff0c9a,423f4d0d-a0e6-4fa9-b1e7-245725834131,"#N/A","#N/A",1942-05-04,Technology,"#N/A",efrank@genepoint.com,"#N/A",(650) 867-9895,Edna,"#N/A","#N/A",English,Frank,Partner,Primary,"#N/A","#N/A","#N/A","#N/A","#N/A","#N/A","#N/A","345 Shoreline Park
Mountain View, CA 94043
USA",(650) 867-7686,"#N/A","#N/A","#N/A","#N/A","#N/A","#N/A","#N/A","#N/A","#N/A",(650) 867-3450,Ms.,"VP, Technology"
6bc3a757-c255-4b02-b500-fc2a3e82c8f7,4d119235-1120-451f-835f-3362422a08e9,"#N/A","#N/A",1955-12-30,Facilities,"#N/A",bond_john@grandhotels.com,"#N/A",(312) 596-1500,John,"#N/A","#N/A",English,Bond,External Referral,Primary,"#N/A","#N/A","#N/A","#N/A","#N/A","#N/A","#N/A","2334 N. Michigan Avenue, Suite 1500
Chicago, IL 60601, USA",(312) 596-1563,"#N/A","#N/A","#N/A","#N/A","#N/A","#N/A","#N/A","#N/A","#N/A",(312) 596-1000,Mr.,"VP, Facilities"
8d3e8038-21fc-40c7-93fc-e2c744dec1d1,6aa919c2-a5a9-4108-8a06-2550a249f314,"#N/A","#N/A",1948-05-25,Warehouse Mgmt,"#N/A",j.davis@expressl&t.net,"#N/A",(503) 421-7801,Josh,"#N/A","#N/A",English,Davis,Word of mouth,Secondary,"#N/A","#N/A","#N/A","#N/A","#N/A","#N/A","#N/A","621 SW 5th Avenue Suite 400
Portland, Oregon 97204
United States",(503) 421-4387,"#N/A","#N/A","#N/A","#N/A","#N/A","#N/A","#N/A","#N/A","#N/A",(503) 421-7800,Mr.,"Director, Warehouse Mgmt"
8dcca513-8ddb-4e04-9dd8-2cc3a7cb95bb,f6096d6b-aa5b-447d-83d3-7d68af6e930d,"#N/A","#N/A",1946-11-20,Finance,"#N/A",sean@edge.com,"#N/A",(512) 757-9000,Sean,"#N/A","#N/A",English,Forbes,Trade Show,Secondary,"#N/A","#N/A","#N/A","#N/A","#N/A","#N/A","#N/A","312 Constitution Place
Austin, TX 78767
USA",(512) 757-4561,"#N/A","#N/A","#N/A","#N/A","#N/A","#N/A","#N/A","#N/A","#N/A",(512) 757-6000,Mr.,CFO
959c7014-ad68-4060-bc65-780a3151c24b,cfa40c8b-7eb0-4daf-a99d-600382e542e0,Pat Feinstein,(212) 842-5464,1951-10-11,Executive Team,"#N/A",asong@uog.com,"#N/A",(212) 842-5501,Arthur,"#N/A","#N/A",English,Song,Public Relations,Secondary,"#N/A","#N/A","#N/A","#N/A","#N/A","#N/A","#N/A","1301 Avenue of the Americas 
New York, NY 10019
USA",(212) 842-4535,"#N/A","#N/A","#N/A","#N/A","#N/A","#N/A","#N/A","#N/A","#N/A",(212) 842-5500,Mr.,CEO
9714eb07-87c8-478c-9319-f9bf136f7f9b,cfa40c8b-7eb0-4daf-a99d-600382e542e0,Audrey Haynes,(212) 842-5589,1943-06-15,Production,"#N/A",spavlova@uog.com,"#N/A",(212) 842-5501,Stella,"#N/A","#N/A",English,Pavlova,Public Relations,Tertiary,"#N/A","#N/A","#N/A","#N/A","#N/A","#N/A","#N/A","1303 Avenue of the Americas 
New York, NY 10019
USA",(212) 842-5501,"#N/A","#N/A","#N/A","#N/A","#N/A",(212) 842-5543,"#N/A","#N/A","#N/A",(212) 842-5500,Ms.,"SVP, Production"
9fc50bbc-10d9-4b4e-96dc-d58e8dee09d3,40f315f9-b068-433e-9b5e-d21207179380,"#N/A","#N/A",1961-11-27,Production,"#N/A",ldcruz@uog.com,"#N/A",(650) 450-8820,Liz,"#N/A","#N/A",English,D'Cruz,Public Relations,Secondary,"#N/A","#N/A","#N/A","#N/A","#N/A","#N/A","#N/A","10 Tagore Lane
Singapore, Singapore 787472
Singapore",(650) 345-6637,"#N/A","#N/A","#N/A","#N/A","#N/A","#N/A","#N/A","#N/A","#N/A",(650) 450-8810,Ms.,"VP, Production"
a82c15fb-e458-457a-8f39-935e13c4f453,ff3a31a3-cf5b-4dc9-b106-ff1f777e9c73,Jean Marie,(014) 427-4465,"#N/A",Finance,"#N/A",pat@pyramid.net,"#N/A",(014) 427-4428,Pat,"#N/A","#N/A","French, English",Stumuller,"#N/A",Primary,Paris,France,"#N/A","#N/A","#N/A",75251,"#N/A",2 Place Jussieu,(014) 454-6364,Paris,France,"#N/A","#N/A","#N/A","#N/A",75251,"#N/A",2 Place Jussieu,(014) 427-4427,Ms.,"SVP, Administration and Finance"
af3aae25-1715-41b2-b13f-bf23c2b4e2e8,b863f57c-cb3f-4f53-8ae9-0cb320711224,"#N/A","#N/A","#N/A","#N/A","#N/A",jrogers@burlington.com,"#N/A",(336) 222-8000,Jack,"#N/A","#N/A","#N/A",Rogers,Web,"#N/A",Burlington,USA,"#N/A","#N/A","#N/A",27215,NC,525 S. Lexington Ave,"#N/A","#N/A","#N/A","#N/A","#N/A","#N/A","#N/A","#N/A","#N/A","#N/A",(336) 222-7000,Mr.,"VP, Facilities"
b8d1cf97-2664-4ccc-b816-54d4be9e608d,f6096d6b-aa5b-447d-83d3-7d68af6e930d,"#N/A","#N/A",1968-02-22,Procurement,"#N/A",rose@edge.com,"#N/A",(512) 757-9000,Rose,"#N/A","#N/A",English,Gonzalez,Trade Show,Primary,"#N/A","#N/A","#N/A","#N/A","#N/A","#N/A","#N/A","313 Constitution Place
Austin, TX 78767
USA",(512) 757-9340,"#N/A","#N/A","#N/A","#N/A","#N/A","#N/A","#N/A","#N/A","#N/A",(512) 757-6000,Ms.,"SVP, Procurement"
c2339d4c-a92b-4367-88ac-fda7bd928a51,619b65b8-0bd2-4f1b-af93-d357cad1168a,"#N/A","#N/A",1946-06-20,Finance,"#N/A",ajames@uog.com,"#N/A",+44 191 4956620,Ashley,"#N/A","#N/A",English,James,Public Relations,Primary,"#N/A","#N/A","#N/A","#N/A","#N/A","#N/A","#N/A","Kings Park, 17th Avenue, Team Valley Trading Estate,
Gateshead, Tyne and Wear NE26 3HS
United Kingdom",+44 191 3456234,"#N/A","#N/A","#N/A","#N/A","#N/A","#N/A","#N/A","#N/A","#N/A",+44 191 4956203,Ms.,"VP, Finance"
db279a66-a027-44ee-b67f-26a61cd3ada9,8b957fbb-e584-431c-9dc5-aabc0ee4e47e,"#N/A","#N/A",1944-04-11,Administration,"#N/A",jane_gray@uoa.edu,"#N/A",(520) 773-9060,Jane,"#N/A","#N/A",English,Grey,Word of mouth,Primary,"#N/A","#N/A","#N/A","#N/A","#N/A","#N/A","#N/A","888 N Euclid 
Hallis Center, Room 501
Tucson, AZ 85721
United States",(520) 773-4539,"#N/A","#N/A","#N/A","#N/A","#N/A","#N/A","#N/A","#N/A","#N/A",(520) 773-9050,Ms.,Dean of Administration
ecff2015-85bc-4ffa-a2a7-e18c03f9c7d9,cfa40c8b-7eb0-4daf-a99d-600382e542e0,"#N/A","#N/A",1960-07-28,Technology,"#N/A",lboyle@uog.com,"#N/A",(212) 842-5501,Lauren,"#N/A","#N/A",English,Boyle,Public Relations,Secondary,"#N/A","#N/A","#N/A","#N/A","#N/A","#N/A","#N/A","1304 Avenue of the Americas 
New York, NY 10019
USA",(212) 842-5611,"#N/A","#N/A","#N/A","#N/A","#N/A","#N/A","#N/A","#N/A","#N/A",(212) 842-5500,Ms.,"SVP, Technology"
